name,type,start_time,duration,"ack","address","read","data"
"I2C","start",0.0077562,5e-08,,,,
"I2C","address",0.0077722,9.135e-05,true,0x50,false,
"I2C","data",0.00786895,9.135e-05,true,,,0x00
"I2C","data",0.0079657,9.135e-05,true,,,0x00
"I2C","start",0.0080662,5e-08,,,,
"I2C","address",0.00808225,9.135e-05,true,0x50,true,
"I2C","data",0.008179,9.135e-05,true,,,0x2B
"I2C","data",0.00827575,9.135e-05,true,,,0x7C
"I2C","data",0.0083725,9.135e-05,true,,,0xC5
"I2C","data",0.00846925,9.135e-05,true,,,0xBE
"I2C","data",0.008566,9.135e-05,true,,,0x35
"I2C","data",0.00866275,9.135e-05,true,,,0xA2
"I2C","data",0.0087595,9.135e-05,true,,,0x82
"I2C","data",0.00885625,9.135e-05,true,,,0x8F
"I2C","data",0.008953,9.135e-05,true,,,0xE5
"I2C","data",0.00904975,9.135e-05,true,,,0x02
"I2C","data",0.0091465,9.135e-05,true,,,0x47
"I2C","data",0.00924325,9.135e-05,true,,,0x1E
"I2C","data",0.00934,9.135e-05,true,,,0x44
"I2C","data",0.00943675,9.135e-05,true,,,0xBC
"I2C","data",0.0095335,9.135e-05,true,,,0xCC
"I2C","data",0.00963025,9.135e-05,true,,,0x24
"I2C","data",0.009727,9.135e-05,true,,,0xEA
"I2C","data",0.00982375,9.135e-05,true,,,0xAB
"I2C","data",0.0099205,9.135e-05,true,,,0xD2
"I2C","data",0.01001725,9.135e-05,true,,,0x96
"I2C","data",0.010114,9.135e-05,true,,,0x53
"I2C","data",0.01021075,9.135e-05,true,,,0x54
"I2C","data",0.0103075,9.14e-05,true,,,0x4D
"I2C","data",0.0104043,9.135e-05,true,,,0x50
"I2C","data",0.01050105,9.135e-05,true,,,0x01
"I2C","data",0.0105978,9.135e-05,true,,,0x01
"I2C","data",0.01069455,9.135e-05,true,,,0x01
"I2C","data",0.0107913,9.135e-05,true,,,0x00
"I2C","data",0.01088805,9.135e-05,true,,,0x39
"I2C","data",0.0109848,9.135e-05,true,,,0x00
"I2C","data",0.01108155,9.135e-05,true,,,0x00
"I2C","data",0.0111783,9.135e-05,true,,,0x00
"I2C","data",0.01127505,9.135e-05,true,,,0x09
"I2C","data",0.0113718,9.135e-05,true,,,0x00
"I2C","data",0.01146855,9.135e-05,true,,,0x00
"I2C","data",0.0115653,9.135e-05,true,,,0x00
"I2C","data",0.01166205,9.135e-05,true,,,0xEF
"I2C","data",0.0117588,9.135e-05,true,,,0xBE
"I2C","data",0.01185555,9.135e-05,true,,,0x00
"I2C","data",0.0119523,9.135e-05,true,,,0x00
"I2C","data",0.01204905,9.135e-05,true,,,0x01
"I2C","data",0.0121458,9.135e-05,true,,,0x00
"I2C","data",0.01224255,9.135e-05,true,,,0x07
"I2C","data",0.0123393,9.135e-05,true,,,0x00
"I2C","data",0.01243605,9.135e-05,true,,,0x06
"I2C","data",0.0125328,9.135e-05,true,,,0x00
"I2C","data",0.01262955,9.135e-05,true,,,0x01
"I2C","data",0.0127263,9.135e-05,true,,,0x00
"I2C","data",0.01282305,9.135e-05,true,,,0x01
"I2C","data",0.0129198,9.135e-05,true,,,0x00
"I2C","data",0.01301655,9.135e-05,true,,,0x1E
"I2C","data",0.0131133,9.135e-05,true,,,0x03
"I2C","data",0.01321005,9.135e-05,true,,,0x73
"I2C","data",0.0133068,9.135e-05,true,,,0x67
"I2C","data",0.01340355,9.135e-05,true,,,0x74
"I2C","data",0.0135003,9.135e-05,true,,,0x6C
"I2C","data",0.01359705,9.135e-05,true,,,0x80
"I2C","data",0.0136938,9.135e-05,true,,,0xF9
"I2C","data",0.01379055,9.135e-05,true,,,0x3E
"I2C","data",0.0138873,9.135e-05,true,,,0x74
"I2C","data",0.01398405,9.135e-05,true,,,0x23
"I2C","data",0.0140808,9.135e-05,true,,,0x63
"I2C","data",0.01417755,9.135e-05,true,,,0x01
"I2C","data",0.0142743,9.135e-05,true,,,0x00
"I2C","data",0.01437105,9.14e-05,true,,,0x09
"I2C","data",0.0144678,9.14e-05,true,,,0x99
"I2C","data",0.0145646,9.135e-05,true,,,0x00
"I2C","data",0.01466135,9.135e-05,true,,,0x00
"I2C","data",0.0147581,9.135e-05,true,,,0x09
"I2C","data",0.01485485,9.135e-05,true,,,0x99
"I2C","data",0.0149516,9.135e-05,true,,,0x00
"I2C","data",0.01504835,9.135e-05,true,,,0x00
"I2C","data",0.0151451,9.135e-05,true,,,0x09
"I2C","data",0.01524185,9.135e-05,true,,,0x99
"I2C","data",0.0153386,9.135e-05,true,,,0x00
"I2C","data",0.01543535,9.135e-05,true,,,0x00
"I2C","data",0.0155321,9.135e-05,true,,,0x09
"I2C","data",0.01562885,9.135e-05,true,,,0x99
"I2C","data",0.0157256,9.135e-05,true,,,0x00
"I2C","data",0.01582235,9.135e-05,true,,,0x00
"I2C","data",0.0159191,9.135e-05,true,,,0x09
"I2C","data",0.01601585,9.135e-05,true,,,0x99
"I2C","data",0.0161126,9.135e-05,true,,,0x00
"I2C","data",0.01620935,9.135e-05,true,,,0x00
"I2C","data",0.0163061,9.135e-05,true,,,0x09
"I2C","data",0.01640285,9.135e-05,true,,,0x99
"I2C","data",0.0164996,9.135e-05,true,,,0x00
"I2C","data",0.01659635,9.135e-05,true,,,0x00
"I2C","data",0.0166931,9.135e-05,true,,,0x00
"I2C","data",0.01678985,9.135e-05,true,,,0x00
"I2C","data",0.0168866,9.135e-05,true,,,0x1E
"I2C","data",0.01698335,9.135e-05,true,,,0x2A
"I2C","data",0.0170801,9.135e-05,true,,,0x87
"I2C","data",0.01717685,9.135e-05,true,,,0x5A
"I2C","data",0.0172736,9.135e-05,true,,,0x43
"I2C","data",0.01737035,9.135e-05,true,,,0x64
"I2C","data",0.0174671,9.135e-05,true,,,0xEF
"I2C","data",0.01756385,9.135e-05,true,,,0xBE
"I2C","data",0.0176606,9.135e-05,true,,,0x00
"I2C","data",0.01775735,9.135e-05,true,,,0x00
"I2C","data",0.0178541,9.135e-05,true,,,0x0A
"I2C","data",0.01795085,9.135e-05,true,,,0x00
"I2C","data",0.0180476,9.135e-05,true,,,0x00
"I2C","data",0.01814435,9.135e-05,true,,,0x00
"I2C","data",0.0182411,9.135e-05,true,,,0x2D
"I2C","data",0.01833785,9.135e-05,true,,,0x00
"I2C","data",0.0184346,9.135e-05,true,,,0x00
"I2C","data",0.01853135,9.14e-05,true,,,0x00
"I2C","data",0.0186281,9.14e-05,true,,,0x01
"I2C","data",0.0187249,9.135e-05,true,,,0x00
"I2C","data",0.01882165,9.135e-05,true,,,0x00
"I2C","data",0.0189184,9.135e-05,true,,,0x00
"I2C","data",0.01901515,9.135e-05,true,,,0xF9
"I2C","data",0.0191119,9.135e-05,true,,,0x4A
"I2C","data",0.01920865,9.135e-05,true,,,0x4B
"I2C","data",0.0193054,9.135e-05,true,,,0xAD
"I2C","data",0.01940215,9.135e-05,true,,,0x41
"I2C","data",0.0194989,9.135e-05,true,,,0x79
"I2C","data",0.01959565,9.135e-05,true,,,0xBD
"I2C","data",0.0196924,9.135e-05,true,,,0xB4
"I2C","data",0.01978915,9.135e-05,true,,,0x45
"I2C","data",0.0198859,9.135e-05,true,,,0x10
"I2C","data",0.01998265,9.135e-05,true,,,0x1D
"I2C","data",0.0200794,9.135e-05,true,,,0xB5
"I2C","data",0.02017615,9.135e-05,true,,,0xC2
"I2C","data",0.0202729,9.135e-05,true,,,0xEF
"I2C","data",0.02036965,9.135e-05,true,,,0xAC
"I2C","data",0.0204664,9.135e-05,false,,,0x6C
"I2C","stop",0.02056555,5e-08,,,,
"I2C","start",0.02061405,5e-08,,,,
"I2C","address",0.02063005,9.135e-05,true,0x50,false,
"I2C","data",0.0207268,9.135e-05,true,,,0x00
"I2C","data",0.02082355,9.135e-05,true,,,0x80
"I2C","start",0.0209241,5e-08,,,,
"I2C","address",0.0209401,9.135e-05,true,0x50,true,
"I2C","data",0.02103685,9.135e-05,true,,,0x81
"I2C","data",0.0211336,9.135e-05,true,,,0x0A
"I2C","data",0.02123035,9.135e-05,true,,,0xB0
"I2C","data",0.0213271,9.135e-05,true,,,0xB1
"I2C","data",0.02142385,9.135e-05,true,,,0xED
"I2C","data",0.0215206,9.135e-05,true,,,0x68
"I2C","data",0.02161735,9.135e-05,true,,,0x8C
"I2C","data",0.0217141,9.135e-05,true,,,0xD5
"I2C","data",0.02181085,9.135e-05,true,,,0x65
"I2C","data",0.0219076,9.135e-05,true,,,0x74
"I2C","data",0.02200435,9.14e-05,true,,,0xC7
"I2C","data",0.02210115,9.135e-05,true,,,0x72
"I2C","data",0.02219785,9.14e-05,true,,,0xB8
"I2C","data",0.02229465,9.135e-05,true,,,0x4B
"I2C","data",0.0223914,9.135e-05,true,,,0x81
"I2C","data",0.02248815,9.135e-05,true,,,0xDC
"I2C","data",0.0225849,9.135e-05,true,,,0x9C
"I2C","data",0.02268165,9.135e-05,true,,,0xA9
"I2C","data",0.0227784,9.135e-05,true,,,0x51
"I2C","data",0.02287515,9.135e-05,true,,,0x7E
"I2C","data",0.0229719,9.135e-05,true,,,0xD9
"I2C","data",0.02306865,9.135e-05,true,,,0x8E
"I2C","data",0.0231654,9.135e-05,true,,,0x64
"I2C","data",0.02326215,9.135e-05,true,,,0x19
"I2C","data",0.0233589,9.135e-05,true,,,0x03
"I2C","data",0.02345565,9.135e-05,true,,,0x42
"I2C","data",0.0235524,9.135e-05,true,,,0x51
"I2C","data",0.02364915,9.135e-05,true,,,0x37
"I2C","data",0.0237459,9.135e-05,true,,,0x24
"I2C","data",0.02384265,9.135e-05,true,,,0x7E
"I2C","data",0.0239394,9.135e-05,true,,,0x90
"I2C","data",0.02403615,9.135e-05,true,,,0x49
"I2C","data",0.0241329,9.135e-05,true,,,0x0B
"I2C","data",0.02422965,9.135e-05,true,,,0x34
"I2C","data",0.0243264,9.135e-05,true,,,0xB4
"I2C","data",0.02442315,9.135e-05,true,,,0x95
"I2C","data",0.0245199,9.135e-05,true,,,0x92
"I2C","data",0.02461665,9.135e-05,true,,,0x1E
"I2C","data",0.0247134,9.135e-05,true,,,0x92
"I2C","data",0.02481015,9.135e-05,true,,,0x4E
"I2C","data",0.0249069,9.135e-05,true,,,0x34
"I2C","data",0.02500365,9.135e-05,true,,,0x49
"I2C","data",0.0251004,9.135e-05,true,,,0x7C
"I2C","data",0.02519715,9.135e-05,true,,,0x1B
"I2C","data",0.0252939,9.135e-05,true,,,0x8E
"I2C","data",0.02539065,9.135e-05,true,,,0x67
"I2C","data",0.0254874,9.135e-05,true,,,0x45
"I2C","data",0.02558415,9.135e-05,true,,,0x16
"I2C","data",0.0256809,9.135e-05,true,,,0x02
"I2C","data",0.02577765,9.135e-05,true,,,0x47
"I2C","data",0.0258744,9.135e-05,true,,,0x90
"I2C","data",0.02597115,9.135e-05,true,,,0x29
"I2C","data",0.0260679,9.135e-05,true,,,0xCA
"I2C","data",0.02616465,9.14e-05,true,,,0x0B
"I2C","data",0.0262614,9.14e-05,true,,,0x85
"I2C","data",0.02635815,9.14e-05,true,,,0x86
"I2C","data",0.02645495,9.135e-05,true,,,0x24
"I2C","data",0.0265517,9.135e-05,true,,,0x00
"I2C","data",0.02664845,9.135e-05,true,,,0x2A
"I2C","data",0.0267452,9.135e-05,true,,,0x06
"I2C","data",0.02684195,9.135e-05,true,,,0xE4
"I2C","data",0.0269387,9.135e-05,true,,,0x4E
"I2C","data",0.02703545,9.135e-05,true,,,0xF1
"I2C","data",0.0271322,9.135e-05,true,,,0x73
"I2C","data",0.02722895,9.135e-05,true,,,0xD7
"I2C","data",0.0273257,9.135e-05,true,,,0xA4
"I2C","data",0.02742245,9.135e-05,true,,,0x9F
"I2C","data",0.0275192,9.135e-05,true,,,0x99
"I2C","data",0.02761595,9.135e-05,true,,,0x64
"I2C","data",0.0277127,9.135e-05,true,,,0xED
"I2C","data",0.02780945,9.135e-05,true,,,0xAB
"I2C","data",0.0279062,9.135e-05,true,,,0x55
"I2C","data",0.02800295,9.135e-05,true,,,0x8F
"I2C","data",0.0280997,9.135e-05,true,,,0xAA
"I2C","data",0.02819645,9.135e-05,true,,,0xCB
"I2C","data",0.0282932,9.135e-05,true,,,0xEE
"I2C","data",0.02838995,9.135e-05,true,,,0x15
"I2C","data",0.0284867,9.135e-05,true,,,0x43
"I2C","data",0.02858345,9.135e-05,true,,,0xBB
"I2C","data",0.0286802,9.135e-05,true,,,0x17
"I2C","data",0.02877695,9.135e-05,true,,,0x22
"I2C","data",0.0288737,9.135e-05,true,,,0xDF
"I2C","data",0.02897045,9.135e-05,true,,,0xBC
"I2C","data",0.0290672,9.135e-05,true,,,0xA4
"I2C","data",0.02916395,9.135e-05,true,,,0xCA
"I2C","data",0.0292607,9.135e-05,true,,,0xD7
"I2C","data",0.02935745,9.135e-05,true,,,0x47
"I2C","data",0.0294542,9.135e-05,true,,,0x28
"I2C","data",0.02955095,9.135e-05,true,,,0x1C
"I2C","data",0.0296477,9.135e-05,true,,,0x0C
"I2C","data",0.02974445,9.135e-05,true,,,0xAA
"I2C","data",0.0298412,9.135e-05,true,,,0xF0
"I2C","data",0.02993795,9.135e-05,true,,,0x2E
"I2C","data",0.0300347,9.135e-05,true,,,0x99
"I2C","data",0.03013145,9.135e-05,true,,,0xBF
"I2C","data",0.0302282,9.14e-05,true,,,0xC8
"I2C","data",0.03032495,9.14e-05,true,,,0xAB
"I2C","data",0.03042175,9.135e-05,true,,,0x3A
"I2C","data",0.03051845,9.14e-05,true,,,0x88
"I2C","data",0.03061525,9.135e-05,true,,,0x78
"I2C","data",0.030712,9.135e-05,true,,,0x07
"I2C","data",0.03080875,9.135e-05,true,,,0xA0
"I2C","data",0.0309055,9.135e-05,true,,,0xA2
"I2C","data",0.03100225,9.135e-05,true,,,0xE0
"I2C","data",0.031099,9.135e-05,true,,,0xA3
"I2C","data",0.03119575,9.135e-05,true,,,0x53
"I2C","data",0.0312925,9.135e-05,true,,,0xA8
"I2C","data",0.03138925,9.135e-05,true,,,0x8E
"I2C","data",0.031486,9.135e-05,true,,,0xEC
"I2C","data",0.03158275,9.135e-05,true,,,0x4D
"I2C","data",0.0316795,9.135e-05,true,,,0x5C
"I2C","data",0.03177625,9.135e-05,true,,,0xB9
"I2C","data",0.031873,9.135e-05,true,,,0x96
"I2C","data",0.03196975,9.135e-05,true,,,0x64
"I2C","data",0.0320665,9.135e-05,true,,,0x44
"I2C","data",0.03216325,9.135e-05,true,,,0xCE
"I2C","data",0.03226,9.135e-05,true,,,0x1C
"I2C","data",0.03235675,9.135e-05,true,,,0xDA
"I2C","data",0.0324535,9.135e-05,true,,,0x58
"I2C","data",0.03255025,9.135e-05,true,,,0xE9
"I2C","data",0.032647,9.135e-05,true,,,0x1A
"I2C","data",0.03274375,9.135e-05,true,,,0x86
"I2C","data",0.0328405,9.135e-05,true,,,0x5D
"I2C","data",0.03293725,9.135e-05,true,,,0x72
"I2C","data",0.033034,9.135e-05,true,,,0x4D
"I2C","data",0.03313075,9.135e-05,true,,,0xD7
"I2C","data",0.0332275,9.135e-05,true,,,0x55
"I2C","data",0.03332425,9.135e-05,false,,,0xED
"I2C","stop",0.0334234,5e-08,,,,
"I2C","start",0.0334519,5e-08,,,,
"I2C","address",0.0334679,9.14e-05,true,0x50,false,
"I2C","data",0.0335647,9.135e-05,true,,,0x01
"I2C","data",0.03366145,9.135e-05,true,,,0x00
"I2C","start",0.03376195,5e-08,,,,
"I2C","address",0.03377795,9.14e-05,true,0x50,true,
"I2C","data",0.03387475,9.135e-05,true,,,0x56
"I2C","data",0.0339715,9.135e-05,true,,,0x03
"I2C","data",0.0340682,9.14e-05,true,,,0x9D
"I2C","data",0.034165,9.135e-05,true,,,0x9B
"I2C","data",0.03426175,9.135e-05,true,,,0x16
"I2C","data",0.0343585,9.135e-05,true,,,0x5E
"I2C","data",0.03445525,9.135e-05,true,,,0x1F
"I2C","data",0.034552,9.135e-05,true,,,0x1B
"I2C","data",0.03464875,9.135e-05,true,,,0x22
"I2C","data",0.0347455,9.135e-05,true,,,0xA7
"I2C","data",0.03484225,9.135e-05,true,,,0xD3
"I2C","data",0.034939,9.135e-05,true,,,0x17
"I2C","data",0.03503575,9.135e-05,true,,,0xFD
"I2C","data",0.0351325,9.135e-05,true,,,0xC5
"I2C","data",0.03522925,9.135e-05,true,,,0x15
"I2C","data",0.035326,9.135e-05,true,,,0xFA
"I2C","data",0.03542275,9.135e-05,true,,,0x10
"I2C","data",0.0355195,9.135e-05,true,,,0x79
"I2C","data",0.03561625,9.135e-05,true,,,0x9A
"I2C","data",0.035713,9.135e-05,true,,,0x01
"I2C","data",0.03580975,9.135e-05,true,,,0x84
"I2C","data",0.0359065,9.135e-05,true,,,0x1F
"I2C","data",0.03600325,9.135e-05,true,,,0x43
"I2C","data",0.0361,9.135e-05,true,,,0x8E
"I2C","data",0.03619675,9.135e-05,true,,,0x75
"I2C","data",0.0362935,9.135e-05,true,,,0x83
"I2C","data",0.03639025,9.135e-05,true,,,0xA9
"I2C","data",0.036487,9.135e-05,true,,,0x01
"I2C","data",0.03658375,9.135e-05,true,,,0x73
"I2C","data",0.0366805,9.135e-05,true,,,0x8A
"I2C","data",0.03677725,9.135e-05,true,,,0xA1
"I2C","data",0.036874,9.135e-05,true,,,0x1E
"I2C","data",0.03697075,9.135e-05,true,,,0x42
"I2C","data",0.0370675,9.135e-05,true,,,0xA1
"I2C","data",0.03716425,9.135e-05,true,,,0x04
"I2C","data",0.037261,9.135e-05,true,,,0x26
"I2C","data",0.03735775,9.135e-05,true,,,0x36
"I2C","data",0.0374545,9.135e-05,true,,,0xEA
"I2C","data",0.03755125,9.135e-05,true,,,0x32
"I2C","data",0.037648,9.135e-05,true,,,0x4B
"I2C","data",0.03774475,9.135e-05,true,,,0x6E
"I2C","data",0.0378415,9.14e-05,true,,,0x75
"I2C","data",0.03793825,9.14e-05,true,,,0x8B
"I2C","data",0.038035,9.14e-05,true,,,0xA2
"I2C","data",0.0381318,9.135e-05,true,,,0x5F
"I2C","data",0.03822855,9.135e-05,true,,,0xE8
"I2C","data",0.0383253,9.135e-05,true,,,0x99
"I2C","data",0.03842205,9.135e-05,true,,,0x4C
"I2C","data",0.0385188,9.135e-05,true,,,0xA8
"I2C","data",0.03861555,9.135e-05,true,,,0x01
"I2C","data",0.0387123,9.135e-05,true,,,0x5A
"I2C","data",0.03880905,9.135e-05,true,,,0xBA
"I2C","data",0.0389058,9.135e-05,true,,,0xA6
"I2C","data",0.03900255,9.135e-05,true,,,0x11
"I2C","data",0.0390993,9.135e-05,true,,,0x97
"I2C","data",0.03919605,9.135e-05,true,,,0x36
"I2C","data",0.0392928,9.135e-05,true,,,0x4B
"I2C","data",0.03938955,9.135e-05,true,,,0x7B
"I2C","data",0.0394863,9.135e-05,true,,,0x11
"I2C","data",0.03958305,9.135e-05,true,,,0xF8
"I2C","data",0.0396798,9.135e-05,true,,,0x31
"I2C","data",0.03977655,9.135e-05,true,,,0xA9
"I2C","data",0.0398733,9.135e-05,true,,,0x37
"I2C","data",0.03997005,9.135e-05,true,,,0xE1
"I2C","data",0.0400668,9.135e-05,true,,,0xB9
"I2C","data",0.04016355,9.135e-05,true,,,0xC5
"I2C","data",0.0402603,9.135e-05,true,,,0x35
"I2C","data",0.04035705,9.135e-05,true,,,0xFE
"I2C","data",0.0404538,9.135e-05,true,,,0xD3
"I2C","data",0.04055055,9.135e-05,true,,,0x7A
"I2C","data",0.0406473,9.135e-05,true,,,0x54
"I2C","data",0.04074405,9.135e-05,true,,,0x96
"I2C","data",0.0408408,9.135e-05,true,,,0xA6
"I2C","data",0.04093755,9.135e-05,true,,,0xAA
"I2C","data",0.0410343,9.135e-05,true,,,0x6B
"I2C","data",0.04113105,9.135e-05,true,,,0xEF
"I2C","data",0.0412278,9.135e-05,true,,,0x09
"I2C","data",0.04132455,9.135e-05,true,,,0x7F
"I2C","data",0.0414213,9.135e-05,true,,,0xDB
"I2C","data",0.04151805,9.135e-05,true,,,0xBE
"I2C","data",0.0416148,9.135e-05,true,,,0xAB
"I2C","data",0.04171155,9.135e-05,true,,,0x81
"I2C","data",0.0418083,9.135e-05,true,,,0x65
"I2C","data",0.04190505,9.135e-05,true,,,0xEF
"I2C","data",0.0420018,9.14e-05,true,,,0xDB
"I2C","data",0.0420986,9.135e-05,true,,,0x5E
"I2C","data",0.0421953,9.14e-05,true,,,0xF2
"I2C","data",0.04229205,9.14e-05,true,,,0xBC
"I2C","data",0.04238885,9.135e-05,true,,,0x5E
"I2C","data",0.0424856,9.135e-05,true,,,0xD4
"I2C","data",0.04258235,9.135e-05,true,,,0xAB
"I2C","data",0.0426791,9.135e-05,true,,,0x5A
"I2C","data",0.04277585,9.135e-05,true,,,0x8B
"I2C","data",0.0428726,9.135e-05,true,,,0x91
"I2C","data",0.04296935,9.135e-05,true,,,0x7C
"I2C","data",0.0430661,9.135e-05,true,,,0x96
"I2C","data",0.04316285,9.135e-05,true,,,0x9B
"I2C","data",0.0432596,9.135e-05,true,,,0x25
"I2C","data",0.04335635,9.135e-05,true,,,0xC8
"I2C","data",0.0434531,9.135e-05,true,,,0xC0
"I2C","data",0.04354985,9.135e-05,true,,,0xAA
"I2C","data",0.0436466,9.135e-05,true,,,0x7C
"I2C","data",0.04374335,9.135e-05,true,,,0xD5
"I2C","data",0.0438401,9.135e-05,true,,,0x0E
"I2C","data",0.04393685,9.135e-05,true,,,0xE0
"I2C","data",0.0440336,9.135e-05,true,,,0x85
"I2C","data",0.04413035,9.135e-05,true,,,0x1D
"I2C","data",0.0442271,9.135e-05,true,,,0xE1
"I2C","data",0.04432385,9.135e-05,true,,,0x37
"I2C","data",0.0444206,9.135e-05,true,,,0x8A
"I2C","data",0.04451735,9.135e-05,true,,,0xF0
"I2C","data",0.0446141,9.135e-05,true,,,0x85
"I2C","data",0.04471085,9.135e-05,true,,,0x15
"I2C","data",0.0448076,9.135e-05,true,,,0xA1
"I2C","data",0.04490435,9.135e-05,true,,,0xDA
"I2C","data",0.0450011,9.135e-05,true,,,0x74
"I2C","data",0.04509785,9.135e-05,true,,,0xEA
"I2C","data",0.0451946,9.135e-05,true,,,0x9F
"I2C","data",0.04529135,9.135e-05,true,,,0x18
"I2C","data",0.0453881,9.135e-05,true,,,0x53
"I2C","data",0.04548485,9.135e-05,true,,,0x80
"I2C","data",0.0455816,9.135e-05,true,,,0xBF
"I2C","data",0.04567835,9.135e-05,true,,,0x10
"I2C","data",0.0457751,9.135e-05,true,,,0xBC
"I2C","data",0.04587185,9.135e-05,true,,,0xC3
"I2C","data",0.0459686,9.135e-05,true,,,0x90
"I2C","data",0.04606535,9.135e-05,true,,,0x1E
"I2C","data",0.0461621,9.14e-05,false,,,0xC6
"I2C","stop",0.04626125,5e-08,,,,
"I2C","start",0.04627025,5e-08,,,,
"I2C","address",0.04628625,9.135e-05,true,0x50,false,
"I2C","data",0.046383,9.135e-05,true,,,0x01
"I2C","data",0.04647975,9.135e-05,true,,,0x80
"I2C","start",0.04657975,5e-08,,,,
"I2C","address",0.04659575,9.135e-05,true,0x50,true,
"I2C","data",0.0466925,9.135e-05,true,,,0x05
"I2C","data",0.04678925,9.135e-05,true,,,0x19
"I2C","data",0.046886,9.135e-05,true,,,0xEE
"I2C","data",0.04698275,9.135e-05,true,,,0x04
"I2C","data",0.0470795,9.135e-05,true,,,0x24
"I2C","data",0.04717625,9.135e-05,true,,,0x74
"I2C","data",0.047273,9.135e-05,true,,,0xC0
"I2C","data",0.04736975,9.135e-05,true,,,0x48
"I2C","data",0.0474665,9.135e-05,true,,,0xAF
"I2C","data",0.04756325,9.135e-05,true,,,0x15
"I2C","data",0.04766,9.135e-05,true,,,0x39
"I2C","data",0.04775675,9.135e-05,true,,,0xF1
"I2C","data",0.0478535,9.135e-05,true,,,0xE8
"I2C","data",0.04795025,9.135e-05,true,,,0x90
"I2C","data",0.048047,9.135e-05,true,,,0x4F
"I2C","data",0.04814375,9.135e-05,true,,,0x12
"I2C","data",0.0482405,9.14e-05,true,,,0x95
"I2C","data",0.0483373,9.135e-05,true,,,0x6F
"I2C","data",0.048434,9.14e-05,true,,,0xF6
"I2C","data",0.0485308,9.135e-05,true,,,0x19
"I2C","data",0.04862755,9.135e-05,true,,,0x8E
"I2C","data",0.0487243,9.135e-05,true,,,0xF5
"I2C","data",0.04882105,9.135e-05,true,,,0x4B
"I2C","data",0.0489178,9.135e-05,true,,,0xF5
"I2C","data",0.04901455,9.135e-05,true,,,0xCE
"I2C","data",0.0491113,9.135e-05,true,,,0x75
"I2C","data",0.04920805,9.135e-05,true,,,0x6D
"I2C","data",0.0493048,9.135e-05,true,,,0x90
"I2C","data",0.04940155,9.135e-05,true,,,0xB9
"I2C","data",0.0494983,9.135e-05,true,,,0x10
"I2C","data",0.04959505,9.135e-05,true,,,0xAC
"I2C","data",0.0496918,9.135e-05,true,,,0x5B
"I2C","data",0.04978855,9.135e-05,true,,,0x15
"I2C","data",0.0498853,9.135e-05,true,,,0x97
"I2C","data",0.04998205,9.135e-05,true,,,0x48
"I2C","data",0.0500788,9.135e-05,true,,,0x09
"I2C","data",0.05017555,9.135e-05,true,,,0xCB
"I2C","data",0.0502723,9.135e-05,true,,,0x7A
"I2C","data",0.05036905,9.135e-05,true,,,0x0D
"I2C","data",0.0504658,9.135e-05,true,,,0x87
"I2C","data",0.05056255,9.135e-05,true,,,0xB8
"I2C","data",0.0506593,9.135e-05,true,,,0xEB
"I2C","data",0.05075605,9.135e-05,true,,,0xA8
"I2C","data",0.0508528,9.135e-05,true,,,0xFF
"I2C","data",0.05094955,9.135e-05,true,,,0xA6
"I2C","data",0.0510463,9.135e-05,true,,,0x0A
"I2C","data",0.05114305,9.135e-05,true,,,0x4F
"I2C","data",0.0512398,9.135e-05,true,,,0x62
"I2C","data",0.05133655,9.135e-05,true,,,0x7A
"I2C","data",0.0514333,9.135e-05,true,,,0xCD
"I2C","data",0.05153005,9.135e-05,true,,,0x11
"I2C","data",0.0516268,9.135e-05,true,,,0x8B
"I2C","data",0.05172355,9.135e-05,true,,,0x98
"I2C","data",0.0518203,9.135e-05,true,,,0xE8
"I2C","data",0.05191705,9.135e-05,true,,,0x90
"I2C","data",0.0520138,9.135e-05,true,,,0x42
"I2C","data",0.05211055,9.135e-05,true,,,0x0A
"I2C","data",0.0522073,9.135e-05,true,,,0x36
"I2C","data",0.05230405,9.135e-05,true,,,0x0C
"I2C","data",0.0524008,9.14e-05,true,,,0xC8
"I2C","data",0.0524976,9.135e-05,true,,,0x4A
"I2C","data",0.05259435,9.135e-05,true,,,0x1A
"I2C","data",0.0526911,9.135e-05,true,,,0x46
"I2C","data",0.05278785,9.135e-05,true,,,0x9B
"I2C","data",0.0528846,9.135e-05,true,,,0x97
"I2C","data",0.05298135,9.135e-05,true,,,0x48
"I2C","data",0.0530781,9.135e-05,true,,,0xF1
"I2C","data",0.05317485,9.135e-05,true,,,0x49
"I2C","data",0.0532716,9.135e-05,true,,,0x3C
"I2C","data",0.05336835,9.135e-05,true,,,0xA9
"I2C","data",0.0534651,9.135e-05,true,,,0xA9
"I2C","data",0.05356185,9.135e-05,true,,,0x06
"I2C","data",0.0536586,9.135e-05,true,,,0xFF
"I2C","data",0.05375535,9.135e-05,true,,,0x35
"I2C","data",0.0538521,9.135e-05,true,,,0xF2
"I2C","data",0.05394885,9.135e-05,true,,,0x01
"I2C","data",0.0540456,9.135e-05,true,,,0xDE
"I2C","data",0.05414235,9.135e-05,true,,,0xAE
"I2C","data",0.0542391,9.135e-05,true,,,0x4B
"I2C","data",0.05433585,9.135e-05,true,,,0xA6
"I2C","data",0.0544326,9.135e-05,true,,,0xE4
"I2C","data",0.05452935,9.135e-05,true,,,0xFF
"I2C","data",0.0546261,9.135e-05,true,,,0xEC
"I2C","data",0.05472285,9.135e-05,true,,,0x6B
"I2C","data",0.0548196,9.135e-05,true,,,0xC6
"I2C","data",0.05491635,9.135e-05,true,,,0xEE
"I2C","data",0.0550131,9.135e-05,true,,,0x84
"I2C","data",0.05510985,9.135e-05,true,,,0xB8
"I2C","data",0.0552066,9.135e-05,true,,,0x04
"I2C","data",0.05530335,9.135e-05,true,,,0x22
"I2C","data",0.0554001,9.135e-05,true,,,0x37
"I2C","data",0.05549685,9.135e-05,true,,,0xE8
"I2C","data",0.0555936,9.135e-05,true,,,0xDF
"I2C","data",0.05569035,9.135e-05,true,,,0xD1
"I2C","data",0.0557871,9.135e-05,true,,,0xAA
"I2C","data",0.05588385,9.135e-05,true,,,0x4F
"I2C","data",0.0559806,9.135e-05,true,,,0xF4
"I2C","data",0.05607735,9.135e-05,true,,,0x8B
"I2C","data",0.0561741,9.135e-05,true,,,0x40
"I2C","data",0.05627085,9.135e-05,true,,,0x3C
"I2C","data",0.0563676,9.135e-05,true,,,0xFA
"I2C","data",0.05646435,9.14e-05,true,,,0xB2
"I2C","data",0.0565611,9.14e-05,true,,,0xBF
"I2C","data",0.0566579,9.135e-05,true,,,0x4A
"I2C","data",0.05675465,9.135e-05,true,,,0x6D
"I2C","data",0.0568514,9.135e-05,true,,,0xE0
"I2C","data",0.05694815,9.135e-05,true,,,0x50
"I2C","data",0.0570449,9.135e-05,true,,,0x92
"I2C","data",0.05714165,9.135e-05,true,,,0x83
"I2C","data",0.0572384,9.135e-05,true,,,0xDD
"I2C","data",0.05733515,9.135e-05,true,,,0xC4
"I2C","data",0.0574319,9.135e-05,true,,,0x07
"I2C","data",0.05752865,9.135e-05,true,,,0x00
"I2C","data",0.0576254,9.135e-05,true,,,0x26
"I2C","data",0.05772215,9.135e-05,true,,,0x6A
"I2C","data",0.0578189,9.135e-05,true,,,0x67
"I2C","data",0.05791565,9.135e-05,true,,,0x38
"I2C","data",0.0580124,9.135e-05,true,,,0xEE
"I2C","data",0.05810915,9.135e-05,true,,,0xA1
"I2C","data",0.0582059,9.135e-05,true,,,0xA8
"I2C","data",0.05830265,9.135e-05,true,,,0x22
"I2C","data",0.0583994,9.135e-05,true,,,0x8E
"I2C","data",0.05849615,9.135e-05,true,,,0x4E
"I2C","data",0.0585929,9.135e-05,true,,,0xFD
"I2C","data",0.05868965,9.135e-05,true,,,0x28
"I2C","data",0.0587864,9.135e-05,true,,,0xAF
"I2C","data",0.05888315,9.135e-05,true,,,0x36
"I2C","data",0.0589799,9.135e-05,false,,,0x95
"I2C","stop",0.05907905,4.99999999e-08,,,,
"I2C","start",0.059088,5e-08,,,,
"I2C","address",0.059104,9.14e-05,true,0x50,false,
"I2C","data",0.0592008,9.135e-05,true,,,0x02
"I2C","data",0.05929755,9.135e-05,true,,,0x00
"I2C","start",0.0593977,5e-08,,,,
"I2C","address",0.05941375,9.135e-05,true,0x50,true,
"I2C","data",0.0595105,9.135e-05,true,,,0x3D
"I2C","data",0.05960725,9.135e-05,true,,,0x92
"I2C","data",0.059704,9.135e-05,true,,,0x33
"I2C","data",0.05980075,9.135e-05,true,,,0x81
"I2C","data",0.0598975,9.135e-05,true,,,0xBE
"I2C","data",0.05999425,9.135e-05,true,,,0xDA
"I2C","data",0.060091,9.135e-05,true,,,0x29
"I2C","data",0.06018775,9.135e-05,true,,,0x14
"I2C","data",0.0602845,9.135e-05,true,,,0x85
"I2C","data",0.06038125,9.135e-05,true,,,0x6A
"I2C","data",0.060478,9.135e-05,true,,,0xE7
"I2C","data",0.06057475,9.135e-05,true,,,0x0F
"I2C","data",0.0606715,9.135e-05,true,,,0x9F
"I2C","data",0.06076825,9.135e-05,true,,,0x2B
"I2C","data",0.060865,9.135e-05,true,,,0xE8
"I2C","data",0.06096175,9.135e-05,true,,,0x0A
"I2C","data",0.0610585,9.135e-05,true,,,0xE1
"I2C","data",0.06115525,9.135e-05,true,,,0xFE
"I2C","data",0.061252,9.135e-05,true,,,0x4F
"I2C","data",0.06134875,9.135e-05,true,,,0x16
"I2C","data",0.0614455,9.135e-05,true,,,0x02
"I2C","data",0.06154225,9.135e-05,true,,,0x6B
"I2C","data",0.061639,9.135e-05,true,,,0x97
"I2C","data",0.06173575,9.135e-05,true,,,0x22
"I2C","data",0.0618325,9.135e-05,true,,,0xBC
"I2C","data",0.06192925,9.135e-05,true,,,0xD0
"I2C","data",0.062026,9.14e-05,true,,,0xA1
"I2C","data",0.0621228,9.135e-05,true,,,0x18
"I2C","data",0.06221955,9.135e-05,true,,,0x76
"I2C","data",0.0623163,9.135e-05,true,,,0x67
"I2C","data",0.06241305,9.135e-05,true,,,0xE1
"I2C","data",0.0625098,9.135e-05,true,,,0x65
"I2C","data",0.06260655,9.135e-05,true,,,0x7C
"I2C","data",0.0627033,9.135e-05,true,,,0x0E
"I2C","data",0.06280005,9.135e-05,true,,,0x35
"I2C","data",0.0628968,9.135e-05,true,,,0x9F
"I2C","data",0.06299355,9.135e-05,true,,,0x57
"I2C","data",0.0630903,9.135e-05,true,,,0xD3
"I2C","data",0.06318705,9.135e-05,true,,,0x8F
"I2C","data",0.0632838,9.135e-05,true,,,0x5F
"I2C","data",0.06338055,9.135e-05,true,,,0xAC
"I2C","data",0.0634773,9.135e-05,true,,,0x72
"I2C","data",0.06357405,9.135e-05,true,,,0x2B
"I2C","data",0.0636708,9.135e-05,true,,,0x09
"I2C","data",0.06376755,9.135e-05,true,,,0x5C
"I2C","data",0.0638643,9.135e-05,true,,,0x08
"I2C","data",0.06396105,9.135e-05,true,,,0xA7
"I2C","data",0.0640578,9.135e-05,true,,,0x6C
"I2C","data",0.06415455,9.135e-05,true,,,0x74
"I2C","data",0.0642513,9.135e-05,true,,,0x43
"I2C","data",0.06434805,9.135e-05,true,,,0x36
"I2C","data",0.0644448,9.135e-05,true,,,0x2E
"I2C","data",0.06454155,9.135e-05,true,,,0xA7
"I2C","data",0.0646383,9.135e-05,true,,,0x39
"I2C","data",0.06473505,9.135e-05,true,,,0xEC
"I2C","data",0.0648318,9.135e-05,true,,,0x84
"I2C","data",0.06492855,9.135e-05,true,,,0x1B
"I2C","data",0.0650253,9.135e-05,true,,,0xC0
"I2C","data",0.06512205,9.135e-05,true,,,0x4F
"I2C","data",0.0652188,9.135e-05,true,,,0x46
"I2C","data",0.06531555,9.135e-05,true,,,0x9B
"I2C","data",0.0654123,9.135e-05,true,,,0xAD
"I2C","data",0.06550905,9.135e-05,true,,,0xE7
"I2C","data",0.0656058,9.135e-05,true,,,0xA7
"I2C","data",0.06570255,9.135e-05,true,,,0x08
"I2C","data",0.0657993,9.135e-05,true,,,0xD1
"I2C","data",0.06589605,9.135e-05,true,,,0x75
"I2C","data",0.0659928,9.135e-05,true,,,0xFF
"I2C","data",0.06608955,9.135e-05,true,,,0xA2
"I2C","data",0.0661863,9.14e-05,true,,,0x92
"I2C","data",0.0662831,9.135e-05,true,,,0x63
"I2C","data",0.0663798,9.14e-05,true,,,0x85
"I2C","data",0.06647655,9.14e-05,true,,,0xC9
"I2C","data",0.06657335,9.135e-05,true,,,0xB9
"I2C","data",0.0666701,9.135e-05,true,,,0x31
"I2C","data",0.06676685,9.135e-05,true,,,0xEA
"I2C","data",0.0668636,9.135e-05,true,,,0x77
"I2C","data",0.06696035,9.135e-05,true,,,0x15
"I2C","data",0.0670571,9.135e-05,true,,,0x66
"I2C","data",0.06715385,9.135e-05,true,,,0xBD
"I2C","data",0.0672506,9.135e-05,true,,,0x53
"I2C","data",0.06734735,9.135e-05,true,,,0x0A
"I2C","data",0.0674441,9.135e-05,true,,,0x96
"I2C","data",0.06754085,9.135e-05,true,,,0xCA
"I2C","data",0.0676376,9.135e-05,true,,,0x0F
"I2C","data",0.06773435,9.135e-05,true,,,0xDA
"I2C","data",0.0678311,9.135e-05,true,,,0xA2
"I2C","data",0.06792785,9.135e-05,true,,,0xC4
"I2C","data",0.0680246,9.135e-05,true,,,0x97
"I2C","data",0.06812135,9.135e-05,true,,,0x09
"I2C","data",0.0682181,9.135e-05,true,,,0x47
"I2C","data",0.06831485,9.135e-05,true,,,0x93
"I2C","data",0.0684116,9.135e-05,true,,,0xBC
"I2C","data",0.06850835,9.135e-05,true,,,0x46
"I2C","data",0.0686051,9.135e-05,true,,,0x27
"I2C","data",0.06870185,9.135e-05,true,,,0x2E
"I2C","data",0.0687986,9.135e-05,true,,,0xF3
"I2C","data",0.06889535,9.135e-05,true,,,0xB4
"I2C","data",0.0689921,9.135e-05,true,,,0xAF
"I2C","data",0.06908885,9.135e-05,true,,,0xE2
"I2C","data",0.0691856,9.135e-05,true,,,0x79
"I2C","data",0.06928235,9.135e-05,true,,,0x6D
"I2C","data",0.0693791,9.135e-05,true,,,0x59
"I2C","data",0.06947585,9.135e-05,true,,,0x20
"I2C","data",0.0695726,9.135e-05,true,,,0x59
"I2C","data",0.06966935,9.135e-05,true,,,0x88
"I2C","data",0.0697661,9.135e-05,true,,,0x3B
"I2C","data",0.06986285,9.135e-05,true,,,0x8A
"I2C","data",0.0699596,9.135e-05,true,,,0x3C
"I2C","data",0.07005635,9.135e-05,true,,,0xB7
"I2C","data",0.0701531,9.135e-05,true,,,0xDE
"I2C","data",0.07024985,9.14e-05,true,,,0xE6
"I2C","data",0.0703466,9.14e-05,true,,,0x2B
"I2C","data",0.0704434,9.135e-05,true,,,0x45
"I2C","data",0.0705401,9.14e-05,true,,,0xE4
"I2C","data",0.0706369,9.135e-05,true,,,0xF8
"I2C","data",0.07073365,9.135e-05,true,,,0x36
"I2C","data",0.0708304,9.135e-05,true,,,0x79
"I2C","data",0.07092715,9.135e-05,true,,,0x75
"I2C","data",0.0710239,9.135e-05,true,,,0x02
"I2C","data",0.07112065,9.135e-05,true,,,0xB6
"I2C","data",0.0712174,9.135e-05,true,,,0x3D
"I2C","data",0.07131415,9.135e-05,true,,,0x6A
"I2C","data",0.0714109,9.135e-05,true,,,0x20
"I2C","data",0.07150765,9.135e-05,true,,,0x2C
"I2C","data",0.0716044,9.135e-05,true,,,0xD8
"I2C","data",0.07170115,9.135e-05,true,,,0x09
"I2C","data",0.0717979,9.135e-05,false,,,0x88
"I2C","stop",0.071897,5e-08,,,,
"I2C","start",0.071906,4.99999999e-08,,,,
"I2C","address",0.071922,9.135e-05,true,0x50,false,
"I2C","data",0.07201875,9.135e-05,true,,,0x02
"I2C","data",0.0721155,9.135e-05,true,,,0x80
"I2C","start",0.07221605,5e-08,,,,
"I2C","address",0.07223205,9.135e-05,true,0x50,true,
"I2C","data",0.0723288,9.135e-05,true,,,0x25
"I2C","data",0.07242555,9.135e-05,true,,,0xD6
"I2C","data",0.0725223,9.135e-05,true,,,0x6A
"I2C","data",0.07261905,9.135e-05,true,,,0x72
"I2C","data",0.0727158,9.135e-05,true,,,0x74
"I2C","data",0.07281255,9.135e-05,true,,,0x75
"I2C","data",0.0729093,9.135e-05,true,,,0xFE
"I2C","data",0.07300605,9.135e-05,true,,,0x1C
"I2C","data",0.0731028,9.14e-05,true,,,0x59
"I2C","data",0.07319955,9.14e-05,true,,,0x93
"I2C","data",0.0732963,9.14e-05,true,,,0x8F
"I2C","data",0.07339305,9.14e-05,true,,,0x9D
"I2C","data",0.07348985,9.135e-05,true,,,0xA3
"I2C","data",0.0735866,9.135e-05,true,,,0x8F
"I2C","data",0.07368335,9.135e-05,true,,,0x6E
"I2C","data",0.0737801,9.135e-05,true,,,0xB6
"I2C","data",0.07387685,9.135e-05,true,,,0xCC
"I2C","data",0.0739736,9.135e-05,true,,,0xB6
"I2C","data",0.07407035,9.135e-05,true,,,0xBE
"I2C","data",0.0741671,9.135e-05,true,,,0xFF
"I2C","data",0.07426385,9.135e-05,true,,,0x1F
"I2C","data",0.0743606,9.135e-05,true,,,0xA1
"I2C","data",0.07445735,9.135e-05,true,,,0x8B
"I2C","data",0.0745541,9.135e-05,true,,,0x55
"I2C","data",0.07465085,9.135e-05,true,,,0x91
"I2C","data",0.0747476,9.135e-05,true,,,0x13
"I2C","data",0.07484435,9.135e-05,true,,,0xB7
"I2C","data",0.0749411,9.135e-05,true,,,0x33
"I2C","data",0.07503785,9.135e-05,true,,,0x18
"I2C","data",0.0751346,9.135e-05,true,,,0x37
"I2C","data",0.07523135,9.135e-05,true,,,0xDE
"I2C","data",0.0753281,9.135e-05,true,,,0x54
"I2C","data",0.07542485,9.135e-05,true,,,0x80
"I2C","data",0.0755216,9.135e-05,true,,,0x32
"I2C","data",0.07561835,9.135e-05,true,,,0x66
"I2C","data",0.0757151,9.135e-05,true,,,0xB2
"I2C","data",0.07581185,9.135e-05,true,,,0x1C
"I2C","data",0.0759086,9.135e-05,true,,,0x49
"I2C","data",0.07600535,9.135e-05,true,,,0x0F
"I2C","data",0.0761021,9.135e-05,true,,,0x40
"I2C","data",0.07619885,9.135e-05,true,,,0x50
"I2C","data",0.0762956,9.135e-05,true,,,0xF3
"I2C","data",0.07639235,9.135e-05,true,,,0x94
"I2C","data",0.0764891,9.135e-05,true,,,0xFF
"I2C","data",0.07658585,9.135e-05,true,,,0x8C
"I2C","data",0.0766826,9.135e-05,true,,,0x0F
"I2C","data",0.07677935,9.135e-05,true,,,0x9C
"I2C","data",0.0768761,9.135e-05,true,,,0xE6
"I2C","data",0.07697285,9.135e-05,true,,,0x2A
"I2C","data",0.0770696,9.135e-05,true,,,0xE2
"I2C","data",0.07716635,9.14e-05,true,,,0x15
"I2C","data",0.0772631,9.14e-05,true,,,0xBB
"I2C","data",0.07735985,9.14e-05,true,,,0xA1
"I2C","data",0.0774566,9.14e-05,true,,,0xA1
"I2C","data",0.0775534,9.135e-05,true,,,0xB0
"I2C","data",0.07765015,9.135e-05,true,,,0x01
"I2C","data",0.0777469,9.135e-05,true,,,0x58
"I2C","data",0.07784365,9.135e-05,true,,,0x88
"I2C","data",0.0779404,9.135e-05,true,,,0x6F
"I2C","data",0.07803715,9.135e-05,true,,,0x68
"I2C","data",0.0781339,9.135e-05,true,,,0x23
"I2C","data",0.07823065,9.135e-05,true,,,0xB4
"I2C","data",0.0783274,9.135e-05,true,,,0x65
"I2C","data",0.07842415,9.135e-05,true,,,0xC5
"I2C","data",0.0785209,9.135e-05,true,,,0xEA
"I2C","data",0.07861765,9.135e-05,true,,,0xDD
"I2C","data",0.0787144,9.135e-05,true,,,0x9D
"I2C","data",0.07881115,9.135e-05,true,,,0x12
"I2C","data",0.0789079,9.135e-05,true,,,0x16
"I2C","data",0.07900465,9.135e-05,true,,,0xE9
"I2C","data",0.0791014,9.135e-05,true,,,0x85
"I2C","data",0.07919815,9.135e-05,true,,,0xCA
"I2C","data",0.0792949,9.135e-05,true,,,0x3B
"I2C","data",0.07939165,9.135e-05,true,,,0x4F
"I2C","data",0.0794884,9.135e-05,true,,,0xE6
"I2C","data",0.07958515,9.135e-05,true,,,0x10
"I2C","data",0.0796819,9.135e-05,true,,,0x8D
"I2C","data",0.07977865,9.135e-05,true,,,0xCC
"I2C","data",0.0798754,9.135e-05,true,,,0x02
"I2C","data",0.07997215,9.135e-05,true,,,0xAB
"I2C","data",0.0800689,9.135e-05,true,,,0x9F
"I2C","data",0.08016565,9.135e-05,true,,,0xC6
"I2C","data",0.0802624,9.135e-05,true,,,0x4D
"I2C","data",0.08035915,9.135e-05,true,,,0x06
"I2C","data",0.0804559,9.135e-05,true,,,0x75
"I2C","data",0.08055265,9.135e-05,true,,,0x43
"I2C","data",0.0806494,9.135e-05,true,,,0x6B
"I2C","data",0.08074615,9.135e-05,true,,,0x76
"I2C","data",0.0808429,9.135e-05,true,,,0x7E
"I2C","data",0.08093965,9.135e-05,true,,,0xE6
"I2C","data",0.0810364,9.135e-05,true,,,0xE5
"I2C","data",0.08113315,9.135e-05,true,,,0x0B
"I2C","data",0.0812299,9.135e-05,true,,,0x1E
"I2C","data",0.08132665,9.14e-05,true,,,0x94
"I2C","data",0.08142345,9.135e-05,true,,,0x01
"I2C","data",0.0815202,9.135e-05,true,,,0x1A
"I2C","data",0.08161695,9.135e-05,true,,,0x5E
"I2C","data",0.0817137,9.135e-05,true,,,0x73
"I2C","data",0.08181045,9.135e-05,true,,,0xDF
"I2C","data",0.0819072,9.135e-05,true,,,0x3D
"I2C","data",0.08200395,9.135e-05,true,,,0x95
"I2C","data",0.0821007,9.135e-05,true,,,0x13
"I2C","data",0.08219745,9.135e-05,true,,,0xCE
"I2C","data",0.0822942,9.135e-05,true,,,0xA4
"I2C","data",0.08239095,9.135e-05,true,,,0xBD
"I2C","data",0.0824877,9.135e-05,true,,,0x5A
"I2C","data",0.08258445,9.135e-05,true,,,0x58
"I2C","data",0.0826812,9.135e-05,true,,,0x7F
"I2C","data",0.08277795,9.135e-05,true,,,0xFD
"I2C","data",0.0828747,9.135e-05,true,,,0xDC
"I2C","data",0.08297145,9.135e-05,true,,,0x88
"I2C","data",0.0830682,9.135e-05,true,,,0x35
"I2C","data",0.08316495,9.135e-05,true,,,0xED
"I2C","data",0.0832617,9.135e-05,true,,,0xC9
"I2C","data",0.08335845,9.135e-05,true,,,0x04
"I2C","data",0.0834552,9.135e-05,true,,,0xDA
"I2C","data",0.08355195,9.135e-05,true,,,0xFB
"I2C","data",0.0836487,9.135e-05,true,,,0x73
"I2C","data",0.08374545,9.135e-05,true,,,0x23
"I2C","data",0.0838422,9.135e-05,true,,,0xD0
"I2C","data",0.08393895,9.135e-05,true,,,0xB3
"I2C","data",0.0840357,9.135e-05,true,,,0x19
"I2C","data",0.08413245,9.135e-05,true,,,0x93
"I2C","data",0.0842292,9.135e-05,true,,,0xF3
"I2C","data",0.08432595,9.135e-05,true,,,0x39
"I2C","data",0.0844227,9.135e-05,true,,,0xDA
"I2C","data",0.08451945,9.135e-05,true,,,0x53
"I2C","data",0.0846162,9.135e-05,false,,,0xA7
"I2C","stop",0.08471535,4.99999999e-08,,,,
"I2C","start",0.0847721,5e-08,,,,
"I2C","address",0.08478815,9.135e-05,true,0x50,false,
"I2C","data",0.0848849,9.135e-05,true,,,0x03
"I2C","data",0.08498165,9.135e-05,true,,,0x00
"I2C","start",0.08508215,5e-08,,,,
"I2C","address",0.08509815,9.14e-05,true,0x50,true,
"I2C","data",0.08519495,9.135e-05,true,,,0x06
"I2C","data",0.0852917,9.135e-05,true,,,0xDC
"I2C","data",0.08538845,9.135e-05,true,,,0x98
"I2C","data",0.0854852,9.135e-05,true,,,0x44
"I2C","data",0.08558195,9.135e-05,true,,,0x2D
"I2C","data",0.0856787,9.135e-05,true,,,0xD9
"I2C","data",0.08577545,9.135e-05,true,,,0xCE
"I2C","data",0.0858722,9.135e-05,true,,,0xE0
"I2C","data",0.08596895,9.135e-05,true,,,0xE9
"I2C","data",0.0860657,9.135e-05,true,,,0x92
"I2C","data",0.08616245,9.135e-05,true,,,0xD4
"I2C","data",0.0862592,9.135e-05,true,,,0x38
"I2C","data",0.08635595,9.135e-05,true,,,0xB3
"I2C","data",0.0864527,9.135e-05,true,,,0xCA
"I2C","data",0.08654945,9.135e-05,true,,,0x4E
"I2C","data",0.0866462,9.135e-05,true,,,0xC5
"I2C","data",0.08674295,9.135e-05,true,,,0x9B
"I2C","data",0.0868397,9.135e-05,true,,,0x13
"I2C","data",0.08693645,9.135e-05,true,,,0xF7
"I2C","data",0.0870332,9.135e-05,true,,,0x12
"I2C","data",0.08712995,9.135e-05,true,,,0xC9
"I2C","data",0.0872267,9.135e-05,true,,,0x5C
"I2C","data",0.08732345,9.135e-05,true,,,0xEF
"I2C","data",0.0874202,9.135e-05,true,,,0xAB
"I2C","data",0.08751695,9.135e-05,true,,,0x23
"I2C","data",0.0876137,9.135e-05,true,,,0x94
"I2C","data",0.08771045,9.135e-05,true,,,0x0D
"I2C","data",0.0878072,9.135e-05,true,,,0x32
"I2C","data",0.08790395,9.135e-05,true,,,0x84
"I2C","data",0.0880007,9.135e-05,true,,,0xC3
"I2C","data",0.08809745,9.135e-05,true,,,0xAB
"I2C","data",0.0881942,9.135e-05,true,,,0x7A
"I2C","data",0.08829095,9.135e-05,true,,,0xED
"I2C","data",0.0883877,9.135e-05,true,,,0xFF
"I2C","data",0.08848445,9.135e-05,true,,,0xE6
"I2C","data",0.0885812,9.135e-05,true,,,0x38
"I2C","data",0.08867795,9.135e-05,true,,,0xEC
"I2C","data",0.0887747,9.135e-05,true,,,0x60
"I2C","data",0.08887145,9.14e-05,true,,,0xFC
"I2C","data",0.0889682,9.14e-05,true,,,0xB5
"I2C","data",0.089065,9.135e-05,true,,,0x40
"I2C","data",0.08916175,9.135e-05,true,,,0x74
"I2C","data",0.0892585,9.135e-05,true,,,0x93
"I2C","data",0.08935525,9.135e-05,true,,,0xEA
"I2C","data",0.089452,9.135e-05,true,,,0x58
"I2C","data",0.08954875,9.135e-05,true,,,0xA3
"I2C","data",0.0896455,9.135e-05,true,,,0x12
"I2C","data",0.08974225,9.135e-05,true,,,0x16
"I2C","data",0.089839,9.135e-05,true,,,0x27
"I2C","data",0.08993575,9.135e-05,true,,,0x31
"I2C","data",0.0900325,9.135e-05,true,,,0x76
"I2C","data",0.09012925,9.135e-05,true,,,0xB4
"I2C","data",0.090226,9.135e-05,true,,,0xE3
"I2C","data",0.09032275,9.135e-05,true,,,0x33
"I2C","data",0.0904195,9.135e-05,true,,,0xFE
"I2C","data",0.09051625,9.135e-05,true,,,0x53
"I2C","data",0.090613,9.135e-05,true,,,0x70
"I2C","data",0.09070975,9.135e-05,true,,,0x29
"I2C","data",0.0908065,9.135e-05,true,,,0x61
"I2C","data",0.09090325,9.135e-05,true,,,0xBE
"I2C","data",0.091,9.135e-05,true,,,0xA0
"I2C","data",0.09109675,9.135e-05,true,,,0xB2
"I2C","data",0.0911935,9.135e-05,true,,,0x12
"I2C","data",0.09129025,9.135e-05,true,,,0xBE
"I2C","data",0.091387,9.135e-05,true,,,0x89
"I2C","data",0.09148375,9.135e-05,true,,,0x6A
"I2C","data",0.0915805,9.135e-05,true,,,0x34
"I2C","data",0.09167725,9.135e-05,true,,,0x31
"I2C","data",0.091774,9.135e-05,true,,,0x33
"I2C","data",0.09187075,9.135e-05,true,,,0x12
"I2C","data",0.0919675,9.135e-05,true,,,0xAA
"I2C","data",0.09206425,9.135e-05,true,,,0x56
"I2C","data",0.092161,9.135e-05,true,,,0x97
"I2C","data",0.09225775,9.135e-05,true,,,0x7B
"I2C","data",0.0923545,9.135e-05,true,,,0xAC
"I2C","data",0.09245125,9.135e-05,true,,,0xB2
"I2C","data",0.092548,9.135e-05,true,,,0x4F
"I2C","data",0.09264475,9.135e-05,true,,,0xCC
"I2C","data",0.0927415,9.135e-05,true,,,0xD4
"I2C","data",0.09283825,9.135e-05,true,,,0x7C
"I2C","data",0.092935,9.135e-05,true,,,0xF8
"I2C","data",0.09303175,9.14e-05,true,,,0xDC
"I2C","data",0.09312855,9.135e-05,true,,,0x1F
"I2C","data",0.0932253,9.135e-05,true,,,0x70
"I2C","data",0.09332205,9.135e-05,true,,,0x18
"I2C","data",0.0934188,9.135e-05,true,,,0x11
"I2C","data",0.09351555,9.135e-05,true,,,0xBC
"I2C","data",0.0936123,9.135e-05,true,,,0x93
"I2C","data",0.09370905,9.135e-05,true,,,0x22
"I2C","data",0.0938058,9.135e-05,true,,,0xA6
"I2C","data",0.09390255,9.135e-05,true,,,0x1B
"I2C","data",0.0939993,9.135e-05,true,,,0x34
"I2C","data",0.09409605,9.135e-05,true,,,0xF9
"I2C","data",0.0941928,9.135e-05,true,,,0x21
"I2C","data",0.09428955,9.135e-05,true,,,0x3D
"I2C","data",0.0943863,9.135e-05,true,,,0x17
"I2C","data",0.09448305,9.135e-05,true,,,0x2D
"I2C","data",0.0945798,9.135e-05,true,,,0x29
"I2C","data",0.09467655,9.135e-05,true,,,0x29
"I2C","data",0.0947733,9.135e-05,true,,,0xE7
"I2C","data",0.09487005,9.135e-05,true,,,0x8B
"I2C","data",0.0949668,9.135e-05,true,,,0xEF
"I2C","data",0.09506355,9.135e-05,true,,,0xDC
"I2C","data",0.0951603,9.135e-05,true,,,0x9B
"I2C","data",0.09525705,9.135e-05,true,,,0x24
"I2C","data",0.0953538,9.135e-05,true,,,0xA3
"I2C","data",0.09545055,9.135e-05,true,,,0x54
"I2C","data",0.0955473,9.135e-05,true,,,0x8A
"I2C","data",0.09564405,9.135e-05,true,,,0xA2
"I2C","data",0.0957408,9.135e-05,true,,,0xDA
"I2C","data",0.09583755,9.135e-05,true,,,0xB2
"I2C","data",0.0959343,9.135e-05,true,,,0x64
"I2C","data",0.09603105,9.135e-05,true,,,0xC4
"I2C","data",0.0961278,9.135e-05,true,,,0x3A
"I2C","data",0.09622455,9.135e-05,true,,,0x7B
"I2C","data",0.0963213,9.135e-05,true,,,0x08
"I2C","data",0.09641805,9.135e-05,true,,,0x1E
"I2C","data",0.0965148,9.135e-05,true,,,0xF8
"I2C","data",0.09661155,9.135e-05,true,,,0x0F
"I2C","data",0.0967083,9.135e-05,true,,,0xD0
"I2C","data",0.09680505,9.135e-05,true,,,0x82
"I2C","data",0.0969018,9.135e-05,true,,,0xBE
"I2C","data",0.09699855,9.135e-05,true,,,0x94
"I2C","data",0.0970953,9.135e-05,true,,,0xD4
"I2C","data",0.09719205,9.14e-05,true,,,0xA9
"I2C","data",0.0972888,9.14e-05,true,,,0xDA
"I2C","data",0.09738555,9.14e-05,true,,,0xB8
"I2C","data",0.0974823,9.14e-05,false,,,0xF2
"I2C","stop",0.09758145,5e-08,,,,
